"sprint_number","sprint_name","sprint_goal","start_date","end_date","duration_days","total_story_points","estimated_hours","team_capacity_hours","capacity_utilization","task_count","epic_coverage","key_deliverables","demo_objectives","success_criteria","risk_factors","mitigation_strategies","dependencies_resolved","team_members","external_dependencies","integration_windows","review_schedule","retrospective_date","burndown_target"
"1","S1: Foundation & Security","Establish the foundational security and user management framework, including login and Role-Based Access Control (RBAC).","2025-01-06","2025-01-17","10","12","94.5","128","74%","21","Core System & Foundation","User login system; Role definitions (Groups); Model-level access control (ACLs); Record-level security for drivers.","Log in as an Admin. Create a new user and assign a 'Driver' role. Log in as the Driver and confirm restricted access.","All security stories (US-058, US-001, US-004, US-070) meet DoD. Automated security tests pass.","Complexity of Odoo's security model; Potential for misconfiguration.","Paired programming on security rules; Heavy reliance on integration testing.","true","backend.dev1@company.com,frontend.dev1@company.com,qa.eng1@company.com","N/A","N/A","2025-01-17T15:00:00Z","2025-01-17","Linear burndown of 12 story points."
"2","S2: Core Master Data","Implement core master data models for Customers, Drivers, Vehicles, Routes, and Materials.","2025-01-20","2025-01-31","10","10","79.51","128","62%","19","Master Data Management","CRUD functionality for Vehicle, Driver (extending Employee), Customer (extending Partner), Route, and Material.","Show the new menu items for each master data type. Create one record for each (e.g., a new vehicle, a new driver).","All master data stories (US-006, US-011, US-015, US-019, US-020) meet DoD.","Potential for incorrect model relationships.","Early data model diagram review with the team.","true","backend.dev1@company.com,frontend.dev1@company.com,qa.eng1@company.com","N/A","N/A","2025-01-31T15:00:00Z","2025-01-31","Linear burndown of 10 story points."
"3","S3: Master Data Hardening","Harden master data models with comprehensive validation rules (uniqueness, format) and status management.","2025-02-03","2025-02-14","10","13","109.51","128","86%","25","Master Data Management","Unique Truck Number validation; Driver license expiry tracking; Active/Inactive status for vehicles and drivers; GSTIN format validation.","Attempt to create a vehicle with a duplicate truck number. Attempt to deactivate a driver with an active trip. Show an inactive customer is hidden from trip creation.","All validation stories meet DoD. Unit tests for all constraints are passing.","Complexity of regex for validation; Performance of active trip checks.","Use online regex testers; Ensure queries are indexed.","true","backend.dev1@company.com,frontend.dev1@company.com,qa.eng1@company.com","N/A","N/A","2025-02-14T15:00:00Z","2025-02-14","Linear burndown of 13 story points."
"4","S4: Trip Creation & Assignment","Deliver the core trip creation and assignment functionality with all business rule validations.","2025-02-17","2025-02-28","10","12","104.02","128","81%","16","Trip Management Lifecycle","Functional 'New Trip' form; Dynamic domain filters for vehicle/driver selection; Server-side validation for assignments; 'Planned' to 'Assigned' state transition.","Create a new trip. Assign an available driver and vehicle, showing the status change. Attempt to assign an unavailable/non-compliant resource and show the error.","The full trip creation and assignment flow is functional and meets DoD.","Domain filter logic can be complex.","Create comprehensive test data for all filtering scenarios.","true","backend.dev1@company.com,frontend.dev1@company.com,qa.eng1@company.com","N/A","N/A","2025-02-28T15:00:00Z","2025-02-28","Linear burndown of 12 story points."
"5","S5: Driver Portal & On-Trip Actions","Launch the basic Driver Portal and implement core on-trip actions: viewing trips, starting trips, logging events, and uploading PODs.","2025-03-03","2025-03-14","10","20","141.67","128","111%","28","Driver Portal","Driver login; Mobile-friendly trip list; 'Start Trip' functionality; 'Log Event' form; POD upload with photo and e-signature.","Log in as a driver. View assigned trips. Start a trip. Log a 'Fueling' event. Complete the trip by uploading a photo POD.","All core driver actions are functional on a mobile browser.","Complexity of e-signature library integration in OWL; Mobile browser compatibility for file uploads.","Early technical spike on the signature library; Testing on physical devices.","true","backend.dev1@company.com,frontend.dev1@company.com,qa.eng1@company.com","N/A","N/A","2025-03-14T15:00:00Z","2025-03-14","Linear burndown of 20 story points."
"6","S6: Exception Handling & Notifications","Implement trip exception handling workflows (Cancel, On-Hold, Resume) and the foundational notification system.","2025-03-17","2025-03-28","10","18","115.34","128","90%","19","Trip Management Lifecycle, Monitoring & Alerts, Core System & Foundation","Trip cancellation with reason; Automatic 'On Hold' status for critical events; Manager's 'Resume Trip' action; Core notification service (in-app & email); Audit trail functionality.","Driver logs an 'Accident', show trip status change to 'On Hold'. Manager resumes the trip with a comment. Manager cancels a trip, show notification to driver.","All exception handling stories meet DoD; Notification service is functional.","Real-time notification reliability.","Use a robust message queue for notifications.","true","backend.dev1@company.com,frontend.dev1@company.com,qa.eng1@company.com","N/A","N/A","2025-03-28T15:00:00Z","2025-03-28","Linear burndown of 18 story points."
"7","S7: Expense Submission & Driver Docs","Deliver the complete expense submission workflow for drivers and enable access to vehicle compliance documents.","2025-03-31","2025-04-11","10","17","133.34","128","104%","22","Driver Portal","Expense submission form with receipt upload; Odometer validation for diesel expenses; File type/size validation; Driver access to vehicle documents; Driver cash advance request form.","Driver submits a 'Toll' expense. Driver submits a 'Diesel' expense, showing odometer validation. Driver views and downloads their assigned vehicle's insurance PDF.","The full expense submission process is robust and user-friendly for drivers.","S3 integration for file uploads.","Thorough integration testing of the file upload pipeline.","true","backend.dev1@company.com,frontend.dev1@company.com,qa.eng1@company.com","N/A","N/A","2025-04-11T15:00:00Z","2025-04-11","Linear burndown of 17 story points."
"8","S8: Expense Workflow & Financials Setup","Complete the expense management lifecycle with the manager's approval workflow and establish foundational financial master data.","2025-04-14","2025-04-25","10","15","120.34","128","94%","20","Financial Management & Invoicing, Driver Portal, Monitoring & Alerts","Expense approval queue for managers; 'Approve' and 'Reject' actions; Driver compensation view; FASTag/Diesel card master data CRUD; Low balance alerts.","Show the expense approval queue. Approve one expense. Reject another with a reason. Show the driver's compensation view reflecting the status changes. Create a new FASTag card record.","The end-to-end expense workflow from submission to approval/rejection is complete.","Complexity of stateful logic for low-balance alerts.","Write specific unit tests for the alert trigger conditions.","true","backend.dev1@company.com,frontend.dev1@company.com,qa.eng1@company.com","N/A","N/A","2025-04-25T15:00:00Z","2025-04-25","Linear burndown of 15 story points."
"9","S9: Invoicing & Profitability","Implement core invoicing capabilities, trip profitability calculations, and customer ledger functionality.","2025-04-28","2025-05-09","10","19","141.68","128","111%","23","Financial Management & Invoicing","Auto-generation of draft invoices from trips; Trip profitability calculation; Customer ledger view; Payment recording against invoices; Expense policy configuration.","Generate a draft invoice from a completed trip. Show the calculated profitability on the trip form. Record a partial payment against the invoice. View the updated customer ledger.","The foundational trip-to-cash workflow (excluding GSP) is functional.","Performance of the customer ledger for clients with high transaction volume.","Query optimization and pagination for the ledger view.","true","backend.dev1@company.com,frontend.dev1@company.com,qa.eng1@company.com","N/A","N/A","2025-05-09T15:00:00Z","2025-05-09","Linear burndown of 19 story points."
"10","S10: GSP E-Invoicing (Core)","Implement the core high-risk GSP e-invoicing integration, focusing on the successful generation of compliant e-invoices.","2025-05-12","2025-05-23","10","26","178","128","139%","18","Financial Management & Invoicing","GSP API client service; Synchronous e-invoice generation workflow with asynchronous fallback; Updated PDF invoice report with IRN and QR code.","Generate a GST-compliant e-invoice for a completed trip and show the successful response from the GSP sandbox. Download the PDF and verify the IRN/QR code.","The system can successfully generate a compliant e-invoice via the GSP sandbox API.","RISK-001: GSP API unreliability; Complexity of the GSP data schema.","Heavy reliance on integration testing with the sandbox; Develop a mock GSP server for unit tests.","true","backend.dev1@company.com,qa.eng1@company.com,devops.eng1@company.com","Stable GSP API Sandbox","Continuous integration with GSP sandbox throughout the sprint.","2025-05-23T15:00:00Z","2025-05-23","Linear burndown of 26 story points."
"11","S11: GSP Failure Handling & Admin","Build robust failure handling for the e-invoicing process and deliver key administrative configuration features.","2025-05-26","2025-06-06","10","17","133.68","128","104%","21","Financial Management & Invoicing, Core System & Foundation","Alerting for GSP failures; Manual intervention workflow for failed e-invoices; System settings page; Session timeout functionality; Maintenance notification system.","Simulate a GSP failure, show the alert and 'E-Invoice Failed' status. Use the 'Retry' and 'Mark as Manually Processed' actions. Show the TMS settings page and change the session timeout.","The system can gracefully handle GSP failures and allows for manual resolution.","Complexity of overriding Odoo's session management.","Thorough security testing of the session timeout feature.","true","backend.dev1@company.com,frontend.dev1@company.com,qa.eng1@company.com","N/A","N/A","2025-06-06T15:00:00Z","2025-06-06","Linear burndown of 17 story points."
"12","S12: Dashboards & Alerts Foundation","Deliver the core manager dashboard with key KPIs and the foundational alert panel.","2025-06-09","2025-06-20","10","16","125","128","98%","15","Reporting & Analytics, Monitoring & Alerts","Manager dashboard with Vehicle Status pie chart and KPI cards; Click-through navigation from widgets to filtered lists; 'Critical Alerts' panel with acknowledgment and navigation.","Show the main dashboard populated with data. Click on the 'Delayed Trips' KPI to see a filtered list. Acknowledge a critical alert in the panel.","The dashboard is functional, provides an accurate at-a-glance overview, and meets performance NFRs.","Performance of dashboard data aggregation queries.","Implement query optimization and caching where necessary.","true","backend.dev1@company.com,frontend.dev1@company.com,qa.eng1@company.com","N/A","N/A","2025-06-20T15:00:00Z","2025-06-20","Linear burndown of 16 story points."
"13","S13: Reporting Suite Pt. 1","Deliver the export framework and the primary financial and operational reports.","2025-06-23","2025-07-04","10","21","155","128","121%","24","Reporting & Analytics","Generic report export to Excel/PDF; Detailed Expense Report; Core Financial Reports (Aging, Customer Revenue); Core Operational Reports (Trip Report).","Generate a Detailed Expense Report, filter it, and export to both Excel and PDF. Demonstrate the Customer Revenue report.","All specified reports are functional, filterable, and exportable.","Performance of report queries on large datasets.","Extensive performance testing with realistic data volume.","true","backend.dev1@company.com,frontend.dev1@company.com,qa.eng1@company.com","N/A","N/A","2025-07-04T15:00:00Z","2025-07-04","Linear burndown of 21 story points."
"14","S14: Advanced Reporting & Alerts","Deliver advanced profitability and performance reports, and implement the automated expiry alert engine.","2025-07-07","2025-07-18","10","23","160","128","125%","22","Reporting & Analytics, Monitoring & Alerts","Vehicle Profitability Report; Fuel Efficiency Report; Driver Performance Report; Scheduled jobs for vehicle document and driver license expiry alerts.","Generate the Vehicle Profitability Report. Demonstrate a document expiry alert appearing on the dashboard after running the scheduled job.","All reports and alert jobs are functional and accurate.","Complexity of data aggregation for performance reports.","Thorough validation of report calculations against a known dataset.","true","backend.dev1@company.com,frontend.dev1@company.com,qa.eng1@company.com","N/A","N/A","2025-07-18T15:00:00Z","2025-07-18","Linear burndown of 23 story points."
"15","S15: GPS & Real-Time Tracking","Implement the full real-time GPS tracking feature set, including geofence management, live map view, and entry/exit alerts.","2025-07-21","2025-08-01","10","24","172","128","134%","14","Monitoring & Alerts","Geofence CRUD interface; GPS data ingestion pipeline; Live map view with real-time vehicle updates; Geofence entry/exit alerts.","Create a new geofence on the map. Simulate a vehicle entering the geofence and show the alert appearing on the dashboard. Show the vehicle's marker updating on the live map.","End-to-end GPS data pipeline and user-facing features are functional and meet latency NFRs.","RISK-002: Real-time data pipeline complexity and reliability; Performance of the live map with many vehicles.","Implement DLQ and idempotent consumers; Use efficient frontend rendering techniques for the map.","true","backend.dev2@company.com,frontend.dev1@company.com,qa.eng1@company.com,devops.eng1@company.com","Stable GPS Provider API Sandbox","Continuous integration with GPS sandbox.","2025-08-01T15:00:00Z","2025-08-01","Linear burndown of 24 story points."
"16","S16: Go-Live Prep (Migration & Training)","Finalize all data migration scripts, conduct full dry-runs, and prepare and deliver user training for a successful go-live.","2025-08-04","2025-08-29","20","47","320","256","125%","30","Transition & Go-Live, Driver Portal","Production-ready data migration scripts; Successful and validated migration dry-run report; All user training materials (manuals, videos); Completed user training sessions.","Demonstrate the execution of the migration validation script and its report. Showcase the driver training videos in the portal. Conduct a mock training session for stakeholders.","Migration dry-run signed off by Admin. All users have completed training.","RISK-003: Data migration failure/corruption; RISK-008: Ineffective user training.","Mandatory dry-runs and validation; Pilot training sessions with super-users.","true","backend.dev1@company.com,backend.dev2@company.com,frontend.dev1@company.com,qa.eng1@company.com,devops.eng1@company.com","Availability of users for training sessions.","Final UAT and Pre-production testing.","2025-08-29T15:00:00Z","2025-08-29","Completion of all go-live checklist items."